{
  "config": {
    "d_embed": 512,
    "num_heads": 8,
    "dropout": 0.1,
    "max_residues": 400
  },
  "checkpoint_info": {
    "epoch": 3,
    "global_step": 11120,
    "best_val_loss": 4.331445470597828e-05
  },
  "validation_metrics": {
    "mse": 4.5405693526845425e-05,
    "rmse": 0.006738374475389719,
    "mae": 0.00444424943998456,
    "pred_magnitude": 2.172237491607666,
    "target_magnitude": 2.1777152538299562,
    "magnitude_ratio": 0.9974846288041302,
    "relative_rmse": 0.0030942403803889944,
    "mean_correlation": 0.5788501308986422,
    "median_correlation": 0.6712427963814153,
    "max_correlation": 0.9723950688536249,
    "min_correlation": -0.10294373629423474,
    "mean_r2": -264.47198971908074,
    "positive_correlations_fraction": 0.955078125,
    "mean_cosine_similarity": 0.9975548982620239,
    "median_cosine_similarity": 0.998206615447998,
    "cosine_similarity_std": 0.0018478992860764265,
    "excellent_predictions_fraction": 0.9010238907849829,
    "good_predictions_fraction": 0.999914675767918,
    "fair_predictions_fraction": 1.0,
    "median_relative_error": 0.06004814803600311,
    "relative_error_75th": 0.07620793953537941,
    "relative_error_95th": 0.11127832643687724,
    "zero_baseline_mse": 0.009263175539672375,
    "mean_baseline_mse": 0.0001459169143345207,
    "improvement_over_zero": 0.9950982332229614,
    "improvement_over_mean": 0.6888250112533569
  },
  "test_metrics": {
    "mse": 4.4229611376067623e-05,
    "rmse": 0.006650534458458424,
    "mae": 0.004383423365652561,
    "pred_magnitude": 2.171894383430481,
    "target_magnitude": 2.177800178527832,
    "magnitude_ratio": 0.9972881832063476,
    "relative_rmse": 0.003053785431753481,
    "mean_correlation": 0.5716222523772307,
    "median_correlation": 0.658927886676951,
    "max_correlation": 0.9737218579585677,
    "min_correlation": -0.10909083978130749,
    "mean_r2": -481.5008027984295,
    "positive_correlations_fraction": 0.94921875,
    "mean_cosine_similarity": 0.9976169466972351,
    "median_cosine_similarity": 0.9982559680938721,
    "cosine_similarity_std": 0.0018222650978714228,
    "excellent_predictions_fraction": 0.9205454545454546,
    "good_predictions_fraction": 1.0,
    "fair_predictions_fraction": 1.0,
    "median_relative_error": 0.059282127767801285,
    "relative_error_75th": 0.07613556273281574,
    "relative_error_95th": 0.10931482091546058,
    "zero_baseline_mse": 0.009263775311410427,
    "mean_baseline_mse": 0.00014173226372804493,
    "improvement_over_zero": 0.9952255487442017,
    "improvement_over_mean": 0.687935471534729
  }
}